file_info,,,,,,,corrected_fluxes_and_quality_flags,,,,,,,,,,storage_fluxes,,,,vertical_advection_fluxes,,gas_densities_concentrations_and_timelags,,,,,,,,,,air_properties,,,,,,,,,,,,,,unrotated_wind,,,rotated_wind,,,,,,rotation_angles_for_tilt_correction,,,turbulence,,,,,,footprint,,,,,,,,uncorrected_fluxes,,,,,,,,,,statistical_flags,,,,,,,,,,,,spikes,,,,,,variances,,,,,,covariances,,,custom_variables,
filename,date,time,DOY,daytime,file_records,used_records,Tau,qc_Tau,H,qc_H,LE,qc_LE,co2_flux,qc_co2_flux,h2o_flux,qc_h2o_flux,H_strg,LE_strg,co2_strg,h2o_strg,co2_v-adv,h2o_v-adv,co2_molar_density,co2_mole_fraction,co2_mixing_ratio,co2_time_lag,co2_def_timelag,h2o_molar_density,h2o_mole_fraction,h2o_mixing_ratio,h2o_time_lag,h2o_def_timelag,sonic_temperature,air_temperature,air_pressure,air_density,air_heat_capacity,air_molar_volume,ET,water_vapor_density,e,es,specific_humidity,RH,VPD,Tdew,u_unrot,v_unrot,w_unrot,u_rot,v_rot,w_rot,wind_speed,max_wind_speed,wind_dir,yaw,pitch,roll,u*,TKE,L,(z-d)/L,bowen_ratio,T*,model,x_peak,x_offset,x_10%,x_30%,x_50%,x_70%,x_90%,un_Tau,Tau_scf,un_H,H_scf,un_LE,LE_scf,un_co2_flux,co2_scf,un_h2o_flux,h2o_scf,spikes_hf,amplitude_resolution_hf,drop_out_hf,absolute_limits_hf,skewness_kurtosis_hf,skewness_kurtosis_sf,discontinuities_hf,discontinuities_sf,timelag_hf,timelag_sf,attack_angle_hf,non_steady_wind_hf,u_spikes,v_spikes,w_spikes,ts_spikes,co2_spikes,h2o_spikes,u_var,v_var,w_var,ts_var,co2_var,h2o_var,w/ts_cov,w/co2_cov,w/h2o_cov,co2_mean
,[yyyy-mm-dd],[HH:MM],[ddd.ddd],[1=daytime],[#],[#],[kg+1m-1s-2],[#],[W+1m-2],[#],[W+1m-2],[#],[µmol+1s-1m-2],[#],[mmol+1s-1m-2],[#],[W+1m-2],[W+1m-2],[µmol+1s-1m-2],[mmol+1s-1m-2],[µmol+1s-1m-2],[mmol+1s-1m-2],[mmol+1m-3],[µmol+1mol_a-1],[µmol+1mol_d-1],[s],[1=default],[mmol+1m-3],[mmol+1mol_a-1],[mmol+1mol_d-1],[s],[1=default],[K],[K],[Pa],[kg+1m-3],[J+1kg-1K-1],[m+3mol-1],[mm+1hour-1],[kg+1m-3],[Pa],[Pa],[kg+1kg-1],[%],[Pa],[K],[m+1s-1],[m+1s-1],[m+1s-1],[m+1s-1],[m+1s-1],[m+1s-1],[m+1s-1],[m+1s-1],[deg_from_north],[deg],[deg],[deg],[m+1s-1],[m+2s-2],[m],[#],[#],[K],[0=KJ/1=KM/2=HS],[m],[m],[m],[m],[m],[m],[m],[kg+1m-1s-2],[#],[W+1m-2],[#],[W+1m-2],[#],[µmol+1s-1m-2],[#],[mmol+1s-1m-2],[#],8u/v/w/ts/co2/h2o/ch4/none,8u/v/w/ts/co2/h2o/ch4/none,8u/v/w/ts/co2/h2o/ch4/none,8u/v/w/ts/co2/h2o/ch4/none,8u/v/w/ts/co2/h2o/ch4/none,8u/v/w/ts/co2/h2o/ch4/none,8u/v/w/ts/co2/h2o/ch4/none,8u/v/w/ts/co2/h2o/ch4/none,8co2/h2o/ch4/none,8co2/h2o/ch4/none,8aa,8U,[#],[#],[#],[#],[#],[#],[m+2s-2],[m+2s-2],[m+2s-2],[K+2],--,--,[m+1K+1s-1],--,--,--
15790_RAW_20Hz_2024-11-15-0030.csv,2024-11-15,00:30,320.0208,0,36000,36000,-0.961019E-01,1,0.142171,2,6.40793,1,2.73934,1,0.143456,1,-9999,-9999,-9999,-9999,0.249825E-09,0.370446E-11,17.5696,412.184,414.719,0.00000,1,260.527,6.11197,6.14956,0.00000,1,283.589,282.143,99988.7,1.23178,1008.60,0.234601E-01,0.929593E-02,0.469469E-02,611.292,1144.15,0.381130E-02,53.4277,532.856,273.157,-3.07908,-3.41265,-0.191224,4.60038,0.719472E-13,0.142191E-13,4.60038,8.13654,44.3207,227.942,-2.38230,-9999,0.279318,1.11358,-13359.0,-0.623776E-02,0.221867E-01,-0.409691E-03,0,427.807,-64.9214,146.852,365.683,557.690,782.168,1171.83,-0.961019E-01,1.00000,0.517691,1.00000,6.36404,1.00000,2.67307,1.00000,0.142473,1.00000,800000099,800000099,800000099,800000099,800000099,800111099,899999999,899999999,89999,89999,89,89,4,40,16,165,57,42,1.68567,0.401610,0.139882,0.384762E-02,0.898003E-02,25.5099,0.416693E-03,0.267307E-02,0.142473,777.769
15790_RAW_20Hz_2024-11-15-0100.csv,2024-11-15,01:00,320.0416,0,36000,36000,-0.463330E-01,1,1.57795,0,1.75389,0,0.240221,2,0.392615E-01,0,-6.01323,-4.54093,-3.11295,-0.101650,-0.310484E-09,-0.458623E-11,17.5161,410.870,413.379,0.00000,1,258.734,6.06905,6.10611,0.00000,1,283.493,282.056,99971.9,1.23198,1008.58,0.234567E-01,0.254415E-02,0.466238E-02,606.898,1137.44,0.378448E-02,53.3566,530.538,273.057,-3.08500,-3.39971,-0.198400,4.59506,0.800501E-13,-0.177257E-13,4.59506,7.82891,44.5775,227.778,-2.47462,-9999,0.193930,0.785073,-402.781,-0.206886,0.899684,-0.654842E-02,0,-9999,-9999,-9999,-9999,-9999,-9999,-9999,-0.463330E-01,1.00000,1.68067,1.00000,1.69121,1.00000,0.145222,1.00000,0.378583E-01,1.00000,800000099,800000099,800000099,800000099,800000099,800010199,899999999,899999999,89999,89999,89,89,17,42,22,249,44,86,1.17115,0.284427,0.114573,0.196975E-02,0.285009E-02,6.38797,0.135261E-02,0.145222E-03,0.378583E-01,775.358
15790_RAW_20Hz_2024-11-15-0130.csv,2024-11-15,01:30,320.0624,0,36000,36000,0.155943,0,-4.43569,2,4.71701,1,2.65268,1,0.105579,1,-8.55759,-4.15398,0.521908,-0.929773E-01,0.714977E-09,0.104872E-10,17.5326,411.090,413.584,0.00000,1,257.166,6.02981,6.06639,0.00000,1,283.352,281.932,99968.7,1.23250,1008.56,0.234472E-01,0.684155E-02,0.463413E-02,602.955,1127.95,0.375995E-02,53.4559,524.992,272.968,-2.20074,-3.38591,-0.117449,4.03998,0.160873E-12,0.407798E-13,4.03998,7.18102,35.4829,236.977,-1.66592,-9999,0.355705,0.777989,884.150,0.942487E-01,-0.940361,0.100320E-01,0,461.020,-69.9616,158.253,394.073,600.986,842.892,1262.81,0.155943,1.00000,-4.15951,1.00000,4.83399,1.00000,2.83118,1.00000,0.108198,1.00000,800000099,800000099,800000099,800000099,800010099,800010199,899999999,899999999,89999,89999,89,89,35,6,2,131,22,80,0.867556,0.500247,0.188176,0.464081E-02,0.181636E-02,3.36111,-0.334623E-02,0.283118E-02,0.108198,776.029
15790_RAW_20Hz_2024-11-15-0200.csv,2024-11-15,02:00,320.0833,0,36000,36000,0.220642,0,6.23684,2,13.8189,1,7.74417,1,0.309226,1,-18.5996,-14.9874,1.94799,-0.335372,-0.748328E-09,-0.106976E-10,17.5838,411.912,414.352,0.00000,1,251.366,5.88840,5.92328,0.00000,1,283.108,281.663,99965.2,1.23370,1008.47,0.234256E-01,0.200378E-01,0.452961E-02,588.793,1107.58,0.367158E-02,53.1602,518.789,272.641,-1.85550,-4.02412,0.622042E-01,4.43174,0.207031E-13,-0.425578E-13,4.43174,6.68882,28.1166,245.246,0.804234,-9999,0.422902,0.540968,-1056.69,-0.788592E-01,0.451325,-0.118536E-01,0,530.993,-80.5802,182.273,453.885,692.203,970.824,1454.47,0.220642,1.00000,7.04488,1.00000,13.5376,1.00000,7.30383,1.00000,0.302931,1.00000,800000099,800000099,800000099,800000099,800000099,800000099,899999999,899999999,89999,89999,89,89,59,12,2,99,27,53,0.605998,0.289109,0.186828,0.570347E-02,0.252756E-02,6.79092,0.566241E-02,0.730383E-02,0.302931,778.193
15790_RAW_20Hz_2024-11-15-0230.csv,2024-11-15,02:30,320.1041,0,36000,36000,-0.389945E-01,1,-0.812525,2,-9.47058,2,0.384417E-01,2,-0.211903,2,-6.73852,-29.7002,-2.60843,-0.664538,0.561983E-09,0.767199E-11,17.5413,410.812,413.129,0.00000,1,239.468,5.60826,5.63989,0.00000,1,282.949,281.566,99955.9,1.23414,1008.32,0.234197E-01,-0.137313E-01,0.431521E-02,560.729,1100.28,0.349653E-02,50.9622,539.556,271.974,-2.65767,-3.45312,-0.220328,4.36301,-0.826702E-13,0.320377E-13,4.36301,7.37205,39.8590,232.417,-2.89461,-9999,0.177754,0.700916,602.235,0.138368,0.857946E-01,0.367329E-02,0,-9999,-9999,-9999,-9999,-9999,-9999,-9999,-0.389945E-01,1.00000,-1.36600,1.00000,-9.39264,1.00000,0.166188,1.00000,-0.210159,1.00000,800000099,800000099,800000099,800001099,800000099,800010099,899999999,899999999,89999,89999,89,89,3,10,6,181,3,4,0.912070,0.320328,0.169435,0.223971E-02,0.139989E-02,25.8246,-0.109771E-02,0.166188E-03,-0.210159,776.253
15790_RAW_20Hz_2024-11-15-0300.csv,2024-11-15,03:00,320.1249,0,36000,36000,-0.391838E-01,1,0.546625,0,2.98549,0,1.03087,1,0.667990E-01,0,-0.999473,-26.7913,-0.617826,-0.599444,0.140625E-09,0.183442E-11,17.5290,410.552,412.762,0.00000,1,228.662,5.35555,5.38438,0.00000,1,282.885,281.551,99944.2,1.23418,1008.18,0.234212E-01,0.432857E-02,0.412049E-02,535.399,1099.21,0.333865E-02,48.7078,563.807,271.345,-2.65864,-3.20335,-0.210147,4.16821,0.862658E-13,0.802240E-14,4.16821,6.65979,42.0810,230.309,-2.88988,-9999,0.178182,0.532663,-901.559,-0.924287E-01,0.183094,-0.246552E-02,0,-9999,-9999,-9999,-9999,-9999,-9999,-9999,-0.391838E-01,1.00000,0.721062,1.00000,2.95355,1.00000,0.976086,1.00000,0.660844E-01,1.00000,800000099,800000099,800000099,800000099,800000099,800000099,899999999,899999999,89999,89999,89,89,3,26,6,120,17,35,0.718268,0.231808,0.115250,0.320337E-02,0.205512E-02,11.4955,0.579505E-03,0.976086E-03,0.660844E-01,775.691
15790_RAW_20Hz_2024-11-15-0330.csv,2024-11-15,03:30,320.1458,0,36000,36000,-0.554096E-01,1,1.80072,1,3.50502,0,0.441892,2,0.784143E-01,0,-8.21832,-4.22624,2.20194,-0.945494E-01,-0.447992E-09,-0.578739E-11,17.5733,411.480,413.679,0.00000,1,227.020,5.31570,5.34410,0.00000,1,282.771,281.432,99928.3,1.23452,1008.16,0.234151E-01,0.508125E-02,0.409090E-02,531.331,1090.37,0.331376E-02,48.7292,559.043,271.242,-2.69572,-2.99736,-0.137664,4.03361,0.134784E-13,-0.254928E-13,4.03361,6.20411,44.4667,228.033,-1.95584,-9999,0.211857,0.555306,-459.959,-0.181168,0.513756,-0.682933E-02,0,421.614,-63.9816,144.727,360.390,549.617,770.846,1154.87,-0.554096E-01,1.00000,2.00540,1.00000,3.43421,1.00000,0.319276,1.00000,0.768303E-01,1.00000,800000099,800000099,800000099,800001099,800010099,801010099,899999999,899999999,89999,89999,89,89,30,39,14,167,35,25,0.832682,0.194470,0.834605E-01,0.178667E-02,0.237317E-02,7.15786,0.161130E-02,0.319276E-03,0.768303E-01,777.599
15790_RAW_20Hz_2024-11-15-0400.csv,2024-11-15,04:00,320.1666,0,35997,35997,-0.709774E-01,0,-6.01744,1,8.22388,1,0.826616,0,0.183984,1,-0.317353,-5.37100,5.31639,-0.120159,0.677877E-09,0.862673E-11,17.6681,413.721,415.910,0.00000,1,224.846,5.26505,5.29292,0.00000,1,282.749,281.428,99921.5,1.23448,1008.13,0.234163E-01,0.119222E-01,0.405172E-02,526.233,1090.03,0.328213E-02,48.2768,563.801,271.111,-2.16885,-2.51425,-0.106549,3.32216,-0.196874E-12,0.383673E-13,3.32216,5.46968,42.3933,229.218,-1.83792,-9999,0.239783,0.489167,199.551,0.417587,-0.731703,0.201648E-01,0,527.280,-80.0167,180.998,450.711,687.362,964.035,1444.30,-0.709774E-01,1.00000,-5.53715,1.00000,8.35325,1.00000,1.05404,1.00000,0.186878,1.00000,800000099,800000099,800000099,800000099,800000099,800010099,899999999,899999999,89999,89999,89,89,46,10,16,38,3,3,0.572419,0.344791,0.611247E-01,0.509521E-02,0.217310E-02,9.23070,-0.444924E-02,0.105404E-02,0.186878,781.785
15790_RAW_20Hz_2024-11-15-0430.csv,2024-11-15,04:30,320.1874,0,36000,36000,-0.880117E-02,1,1.08840,0,-0.646433,2,0.480501E-01,2,-0.144603E-01,2,-8.01750,-3.25181,1.96346,-0.727412E-01,-0.108911E-09,-0.137519E-11,17.7109,414.548,416.729,0.00000,1,223.632,5.23440,5.26195,0.00000,1,282.632,281.312,99922.8,1.23502,1008.11,0.234063E-01,-0.937030E-03,0.402985E-02,523.176,1081.48,0.326298E-02,48.3758,558.307,271.032,-2.05550,-2.10600,-0.135289,2.94595,0.528080E-13,-0.614936E-14,2.94595,4.74791,46.9922,225.695,-2.63216,-9999,0.844177E-01,0.318969,-48.1423,-1.73091,-1.68370,-0.103555E-01,0,-9999,-9999,-9999,-9999,-9999,-9999,-9999,-0.880117E-02,1.00000,1.05066,1.00000,-0.674115,1.00000,-0.991725E-03,1.00000,-0.150796E-01,1.00000,800000099,800000099,800000099,800000099,800010099,800010099,899999999,899999999,89999,89999,89,89,17,31,21,89,19,19,0.336126,0.258368,0.434432E-01,0.203008E-02,0.274835E-02,5.02146,0.843878E-03,-0.991725E-06,-0.150796E-01,783.629
15790_RAW_20Hz_2024-11-15-0500.csv,2024-11-15,05:00,320.2083,0,36000,36000,-0.393429E-01,1,3.32764,1,-0.693730,1,1.81155,1,-0.155179E-01,1,-2.33918,1.91707,-0.279841,0.428823E-01,-0.704074E-11,-0.892341E-13,17.7089,414.430,416.618,0.00000,1,224.441,5.25247,5.28020,0.00000,1,282.607,281.278,99927.6,1.23522,1008.12,0.234024E-01,-0.100556E-02,0.404443E-02,525.007,1079.00,0.327427E-02,48.6568,553.993,271.080,-2.42291,-1.70279,-0.122743,2.96395,0.342525E-13,-0.397583E-15,2.96395,5.63354,58.1857,215.099,-2.37341,-9999,0.178468,0.537763,-148.791,-0.560048,-4.79673,-0.149734E-01,0,-9999,-9999,-9999,-9999,-9999,-9999,-9999,-0.393429E-01,1.00000,3.28713,1.00000,-0.785411,1.00000,1.64974,1.00000,-0.175686E-01,1.00000,800000099,800000099,800000099,800000099,800010099,801110099,899999999,899999999,89999,89999,89,89,24,36,30,111,1,32,0.864028,0.155448,0.560509E-01,0.856141E-02,0.495816E-02,5.35670,0.263974E-02,0.164974E-02,-0.175686E-01,783.526
15790_RAW_20Hz_2024-11-15-0530.csv,2024-11-15,05:30,320.2291,0,36000,36000,-0.969303E-01,1,0.296943E-03,2,5.94688,1,3.80537,0,0.133015,1,-4.75165,-3.50032,-1.77901,-0.782924E-01,-0.110726E-09,-0.139706E-11,17.6789,413.681,415.851,0.00000,1,223.059,5.21949,5.24688,0.00000,1,282.537,281.209,99915.0,1.23538,1008.10,0.233996E-01,0.861939E-02,0.401952E-02,521.645,1073.97,0.325367E-02,48.5716,552.326,270.993,-3.07205,-1.83650,-0.201694,3.58482,-0.785305E-13,-0.626319E-14,3.58482,6.75383,62.1296,210.871,-3.22535,-9999,0.280111,0.968966,-0.644619E+07,-0.129270E-04,0.499325E-04,-0.851214E-06,0,451.406,-68.5026,154.953,385.855,588.453,825.314,1236.47,-0.969303E-01,1.00000,0.347236,1.00000,5.91582,1.00000,3.75032,1.00000,0.132321,1.00000,800000099,800000099,800000099,800000099,800010099,801110099,899999999,899999999,89999,89999,89,89,60,135,23,258,4,24,1.42938,0.385550,0.123006,0.536318E-02,0.502956E-02,6.62440,0.278818E-03,0.375032E-02,0.132321,782.173
15790_RAW_20Hz_2024-11-15-0600.csv,2024-11-15,06:00,320.2499,0,36000,36000,-0.100004,1,1.15429,1,1.61132,1,3.44719,1,0.360365E-01,1,-8.79058,14.3842,4.82189,0.321695,0.899848E-09,0.115913E-10,17.7731,415.711,417.949,0.00000,1,228.943,5.35493,5.38376,0.00000,1,282.439,281.082,99911.8,1.23583,1008.17,0.233898E-01,0.233516E-02,0.412555E-02,535.164,1064.73,0.333827E-02,50.2630,529.564,271.339,-2.42933,-2.01455,-0.132528,3.15873,0.288317E-12,0.506297E-13,3.15873,5.45596,51.5634,219.668,-2.40461,-9999,0.284465,0.654705,-1736.84,-0.479780E-01,0.716362,-0.325680E-02,0,586.968,-89.0747,201.487,501.732,765.172,1073.17,1607.80,-0.100004,1.00000,1.24824,1.00000,1.56895,1.00000,3.37363,1.00000,0.350889E-01,1.00000,800000099,800000099,800000099,800000099,800010199,800110199,899999999,899999999,89999,89999,89,89,15,26,18,175,14,32,0.959369,0.284244,0.657969E-01,0.205379E-02,0.412783E-02,3.11551,0.100185E-02,0.337363E-02,0.350889E-01,786.290
15790_RAW_20Hz_2024-11-15-0630.csv,2024-11-15,06:30,320.2707,0,36000,36000,-0.882075E-01,0,5.85044,1,3.01130,1,-0.374471,2,0.673430E-01,1,-3.68483,-3.22924,8.49888,-0.722169E-01,-0.192930E-09,-0.245002E-11,17.9300,419.288,421.533,0.00000,1,227.693,5.32453,5.35303,0.00000,1,282.384,281.029,99914.8,1.23612,1008.15,0.233847E-01,0.436383E-02,0.410303E-02,532.142,1060.88,0.331928E-02,50.1607,528.733,271.262,-1.45421,-1.86376,-0.504546E-01,2.36448,-0.548147E-13,-0.107602E-13,2.36448,4.83298,39.6545,232.037,-1.22270,-9999,0.267130,0.429282,-283.773,-0.293650,1.94283,-0.175743E-01,0,500.456,-75.9461,171.790,427.782,652.395,914.993,1370.83,-0.882075E-01,1.00000,6.02594,1.00000,2.82518,1.00000,-0.702236,1.00000,0.631807E-01,1.00000,800000099,800000099,800000099,800001099,800010099,800010099,899999999,899999999,89999,89999,89,89,10,36,3,97,20,63,0.547544,0.224580,0.864397E-01,0.393172E-02,0.699756E-02,1.42626,0.483546E-02,-0.702236E-03,0.631807E-01,793.203
15790_RAW_20Hz_2024-11-15-0700.csv,2024-11-15,07:00,320.2916,0,36000,36000,-0.160505,1,5.31257,1,11.2903,2,9.07968,1,0.252467,2,-6.22205,-4.85108,-0.967539,-0.108477,0.161906E-08,0.204040E-10,17.9178,418.881,421.104,0.00000,1,225.806,5.27888,5.30690,0.00000,1,282.299,280.939,99911.6,1.23650,1008.13,0.233780E-01,0.163599E-01,0.406902E-02,527.563,1054.40,0.329077E-02,50.0345,526.836,271.145,-2.64820,-2.02830,-0.123933,3.33801,0.184334E-12,0.903608E-13,3.33801,5.90305,52.1915,217.449,-2.12776,-9999,0.360287,1.11408,-766.686,-0.108689,0.470545,-0.118290E-01,0,712.205,-108.080,244.477,608.782,928.431,1302.14,1950.84,-0.160505,1.00000,5.97047,1.00000,11.0775,1.00000,8.70209,1.00000,0.247709,1.00000,800000099,800000099,800000099,800000099,800010099,800110099,899999999,899999999,89999,89999,89,89,19,36,15,123,17,72,1.87986,0.283217,0.650829E-01,0.314193E-02,0.187331E-01,13.1789,0.478961E-02,0.870209E-02,0.247709,792.626
15790_RAW_20Hz_2024-11-15-0730.csv,2024-11-15,07:30,320.3124,0,36000,36000,-0.366539E-01,1,0.351052,1,10.8928,1,4.44873,1,0.243578,1,-0.292672,-32.6149,-2.04228,-0.729315,0.176640E-09,0.210098E-11,17.8831,418.022,420.110,0.00000,1,212.705,4.97202,4.99687,0.00000,1,282.256,280.935,99921.8,1.23679,1007.96,0.233752E-01,0.157839E-01,0.383294E-02,496.946,1054.09,0.309911E-02,47.1444,557.149,270.338,-2.99295,-2.25148,-0.190989,3.75012,0.113780E-12,0.987746E-14,3.75012,5.94108,55.9385,216.953,-2.91927,-9999,0.172152,0.384448,-1265.77,-0.658332E-01,0.322279E-01,-0.163576E-02,0,-9999,-9999,-9999,-9999,-9999,-9999,-9999,-0.366539E-01,1.00000,0.985755,1.00000,10.8291,1.00000,4.32897,1.00000,0.242154,1.00000,800000099,800000099,800000099,800001099,800010099,800010099,899999999,899999999,89999,89999,89,89,30,43,23,190,28,42,0.572291,0.150971,0.456344E-01,0.301598E-02,0.109935E-01,39.5592,0.790735E-03,0.432897E-02,0.242154,791.086
15790_RAW_20Hz_2024-11-15-0800.csv,2024-11-15,08:00,320.3332,1,36000,36000,-0.840431E-02,1,1.04474,1,-1.32817,2,-1.70280,2,-0.297006E-01,2,2.06443,-32.1115,-6.64525,-0.718077,0.133856E-09,0.150543E-11,17.7638,415.226,417.174,0.00000,1,199.783,4.66989,4.69180,0.00000,1,282.235,280.965,99934.2,1.23695,1007.80,0.233748E-01,-0.192460E-02,0.360009E-02,466.807,1056.24,0.291046E-02,44.1952,589.432,269.500,-3.16764,-2.56578,-0.171674,4.08003,0.129533E-12,0.753534E-14,4.08003,5.63810,53.7150,219.007,-2.41153,-9999,0.824281E-01,0.198523,-46.6897,-1.78476,-0.786604,-0.101674E-01,0,-9999,-9999,-9999,-9999,-9999,-9999,-9999,-0.840431E-02,1.00000,0.967347,1.00000,-1.34862,1.00000,-1.74345,1.00000,-0.301578E-01,1.00000,800000099,800000099,800000099,800000099,800010099,800110099,899999999,899999999,89999,89999,89,89,29,37,33,110,3,0,0.271263,0.991398E-01,0.266430E-01,0.101946E-02,0.140146E-01,23.5024,0.775993E-03,-0.174345E-02,-0.301578E-01,785.813
15790_RAW_20Hz_2024-11-15-0830.csv,2024-11-15,08:30,320.3541,1,36000,36000,-0.250204E-01,0,0.489902E-01,2,6.54782,1,3.89996,1,0.146426,1,1.68519,-1.71348,6.74462,-0.383177E-01,-0.295023E-09,-0.328411E-11,17.8843,418.064,420.018,0.00000,1,199.083,4.65377,4.67553,0.00000,1,282.250,280.989,99937.5,1.23689,1007.79,0.233761E-01,0.948840E-02,0.358747E-02,465.211,1057.99,0.290039E-02,43.9711,592.782,269.454,-2.33449,-1.97441,-0.131303,3.06029,0.211159E-13,-0.164962E-13,3.06029,4.70210,52.2791,220.223,-2.45905,-9999,0.142227,0.187777,-5115.05,-0.162911E-01,0.748191E-02,-0.276330E-03,0,-9999,-9999,-9999,-9999,-9999,-9999,-9999,-0.250204E-01,1.00000,0.430550,1.00000,6.51610,1.00000,3.83623,1.00000,0.145717,1.00000,800000099,800000099,800000099,800000099,800010099,801111199,899999999,899999999,89999,89999,89,89,27,49,22,139,31,43,0.230132,0.114646,0.307758E-01,0.287727E-02,0.213231E-01,28.9942,0.345401E-03,0.383623E-02,0.145717,791.146
15790_RAW_20Hz_2024-11-15-0900.csv,2024-11-15,09:00,320.3749,1,36000,36000,-0.111387,0,2.96159,1,27.0557,0,18.3911,0,0.605126,0,10.8930,-24.6076,-9.21496,-0.550370,0.273886E-09,0.292415E-11,17.7073,414.184,416.023,0.00000,1,189.053,4.42205,4.44169,0.00000,1,282.335,281.147,99931.7,1.23624,1007.67,0.233905E-01,0.392121E-01,0.340674E-02,442.021,1069.40,0.275574E-02,41.3338,627.374,268.774,-1.36462,-2.27008,-0.229689E-01,2.64877,0.502780E-13,0.154674E-13,2.64877,5.17836,33.8040,238.989,-0.496850,-9999,0.300170,0.457863,-795.353,-0.104771,0.109463,-0.792027E-02,0,444.395,-67.4386,152.546,379.862,579.313,812.495,1217.27,-0.111387,1.00000,4.53895,1.00000,26.8646,1.00000,17.9907,1.00000,0.600851,1.00000,800000099,800000099,800000099,800000099,800000099,800010099,899999999,899999999,89999,89999,89,89,10,25,4,134,0,0,0.496902,0.271932,0.146891,0.546342E-02,0.455471E-01,49.9376,0.364366E-02,0.179907E-01,0.600851,783.370
15790_RAW_20Hz_2024-11-15-0930.csv,2024-11-15,09:30,320.3957,1,36000,36000,0.141813,1,2.33691,0,11.7229,0,5.14345,0,0.262178,0,-4.35676,-13.7529,-2.52429,-0.307578,-0.811829E-10,-0.843537E-12,17.6645,413.121,414.902,0.00000,1,183.545,4.29257,4.31107,0.00000,1,282.260,281.084,99924.2,1.23648,1007.59,0.233870E-01,0.169891E-01,0.330748E-02,429.047,1064.82,0.267491E-02,40.2928,635.776,268.379,-1.36639,-2.68437,0.177134E-01,3.01217,-0.242439E-13,-0.459581E-14,3.01217,5.13153,30.1591,243.023,0.336937,-9999,0.338660,0.403385,-1447.44,-0.575708E-01,0.199345,-0.553867E-02,0,507.762,-77.0549,174.298,434.028,661.920,928.352,1390.84,0.141813,1.00000,3.02015,1.00000,11.6178,1.00000,4.91724,1.00000,0.259828,1.00000,800000099,800000099,800000099,800000099,800010099,800010099,899999999,899999999,89999,89999,89,89,13,3,2,128,35,28,0.404837,0.267946,0.133986,0.150280E-02,0.223019E-01,38.8394,0.242413E-02,0.491724E-02,0.259828,781.448
15790_RAW_20Hz_2024-11-15-1000.csv,2024-11-15,10:00,320.4166,1,36000,36000,0.876608E-01,1,5.74721,1,11.4790,1,6.03479,1,0.256736,1,3.64589,-23.4258,-10.4511,-0.523934,-0.208313E-09,-0.207536E-11,17.4738,408.721,410.392,0.00000,1,174.086,4.07198,4.08862,0.00000,1,282.259,281.136,99927.8,1.23640,1007.47,0.233906E-01,0.166365E-01,0.313704E-02,407.013,1068.65,0.253724E-02,38.0867,661.636,267.684,-1.17157,-1.98983,-0.504096E-01,2.30966,0.529449E-13,-0.119215E-13,2.30966,4.27242,33.6144,239.511,-1.25061,-9999,0.266271,0.360174,-286.063,-0.291300,0.500670,-0.173277E-01,0,489.262,-74.2473,167.948,418.213,637.802,894.526,1340.16,0.876608E-01,1.00000,6.41627,1.00000,11.3045,1.00000,5.64306,1.00000,0.252834,1.00000,800000099,800000099,800000099,800000099,800010099,800010099,899999999,899999999,89999,89999,89,89,6,1,4,38,18,28,0.395257,0.234209,0.908821E-01,0.728025E-02,0.291188E-02,7.06680,0.515099E-02,0.564306E-02,0.252834,773.020
15790_RAW_20Hz_2024-11-15-1030.csv,2024-11-15,10:30,320.4374,1,36000,36000,0.105154,1,1.44218,2,0.878443,2,0.597599,2,0.196480E-01,2,3.90969,-1.16992,-0.754541,-0.261675E-01,0.819778E-09,0.815146E-11,17.4570,408.403,410.068,0.00000,1,173.584,4.06096,4.07752,0.00000,1,282.292,281.193,99930.0,1.23618,1007.47,0.233948E-01,0.127319E-02,0.312799E-02,405.920,1072.77,0.253036E-02,37.8386,666.846,267.648,-0.825874,-2.12982,0.747017E-01,2.28556,-0.105793E-12,0.469597E-13,2.28556,4.67418,25.2059,248.805,1.87300,-9999,0.291656,0.277642,-1498.12,-0.556230E-01,1.64174,-0.397040E-02,0,519.859,-78.8906,178.451,444.368,677.689,950.468,1423.97,0.105154,1.00000,1.49338,1.00000,0.842915,1.00000,0.517682,1.00000,0.188534E-01,1.00000,800000099,800000099,800000099,800000099,800000099,800010099,899999999,899999999,89999,89999,89,89,47,23,3,100,25,79,0.272228,0.189362,0.936939E-01,0.504674E-02,0.123543E-02,2.15333,0.119911E-02,0.517682E-03,0.188534E-01,772.295
15790_RAW_20Hz_2024-11-15-1100.csv,2024-11-15,11:00,320.4582,1,36000,36000,-0.129378,1,20.7551,1,9.97464,1,-0.217641E-01,1,0.223137,1,11.5043,8.75230,3.59239,0.195793,0.119166E-09,0.120454E-11,17.5079,409.917,411.623,0.00000,1,176.971,4.14347,4.16071,0.00000,1,282.453,281.359,99910.1,1.23516,1007.52,0.234133E-01,0.144593E-01,0.318902E-02,414.086,1084.97,0.258186E-02,38.1655,670.887,267.910,-0.937198,-1.59312,0.270872E-01,1.84854,0.710308E-13,0.680643E-14,1.84854,4.07852,32.8484,239.533,0.839603,-9999,0.323644,0.451593,-142.224,-0.585905,2.08079,-0.515324E-01,0,557.432,-84.5925,191.348,476.485,726.669,1019.16,1526.89,-0.129378,1.00000,21.3369,1.00000,9.46437,1.00000,-1.15107,1.00000,0.211722,1.00000,800000099,800000099,800000099,800000099,800000099,800010099,899999999,899999999,89999,89999,89,89,22,23,2,109,67,49,0.536742,0.269541,0.969029E-01,0.205278E-01,0.777944E-03,4.01412,0.171457E-01,-0.115107E-02,0.211722,774.611
15790_RAW_20Hz_2024-11-15-1130.csv,2024-11-15,11:30,320.4790,1,36000,36000,-0.752120E-01,1,10.8862,1,3.14159,1,0.556667,2,0.702858E-01,1,7.26243,7.19517,0.472089,0.160975,-0.962425E-10,-0.988285E-12,17.5054,410.116,411.851,0.00000,1,179.757,4.21136,4.22917,0.00000,1,282.558,281.464,99884.6,1.23436,1007.56,0.234280E-01,0.455452E-02,0.323923E-02,420.762,1092.75,0.262423E-02,38.5050,671.984,268.121,-1.88968,-1.55640,-0.141403,2.45220,0.135461E-13,-0.549788E-14,2.45220,4.25689,52.1913,219.476,-3.30574,-9999,0.246844,0.415356,-120.287,-0.692759,3.46517,-0.354602E-01,0,560.625,-85.0771,192.445,479.214,730.832,1025.00,1535.64,-0.752120E-01,1.00000,11.0695,1.00000,2.87849,1.00000,-0.165568E-01,1.00000,0.643996E-01,1.00000,800000099,800000099,800000099,800000099,800010099,811110099,899999999,899999999,89999,89999,89,89,13,22,17,102,50,23,0.536695,0.238445,0.555710E-01,0.216323E-01,0.919686E-03,2.67659,0.890055E-02,-0.165568E-04,0.643996E-01,774.544
15790_RAW_20Hz_2024-11-15-1200.csv,2024-11-15,12:00,320.4999,1,36000,36000,-0.112414,1,32.9388,1,7.63327,1,0.915476,1,0.170814,1,15.5644,6.52299,-0.708863,0.145968,0.921068E-09,0.960355E-11,17.4760,409.817,411.576,0.00000,1,182.214,4.27297,4.29131,0.00000,1,282.804,281.690,99869.4,1.23315,1007.59,0.234503E-01,0.110687E-01,0.328349E-02,426.854,1109.59,0.266268E-02,38.4696,682.734,268.311,-1.28005,-0.930846,-0.722667E-01,1.58437,-0.457201E-13,0.527048E-13,1.58437,4.50263,60.3749,216.025,-2.61430,-9999,0.301928,0.684957,-72.7418,-1.14556,4.31516,-0.878016E-01,0,507.399,-76.9998,174.174,433.717,661.446,927.688,1389.85,-0.112414,1.00000,33.3846,1.00000,6.83434,1.00000,-0.799196,1.00000,0.152936,1.00000,800000099,800000099,800000099,800000099,800000099,800000099,899999999,899999999,89999,89999,89,89,11,12,8,20,45,30,0.902045,0.361181,0.106688,0.640815E-01,0.141215E-02,3.38131,0.268685E-01,-0.799196E-03,0.152936,773.349
15790_RAW_20Hz_2024-11-15-1230.csv,2024-11-15,12:30,320.5207,1,36000,36000,-0.115192,1,36.9712,1,11.6842,1,-0.339351,1,0.261479,1,4.56431,-0.594861,-2.15821,-0.133123E-01,0.216645E-09,0.226091E-11,17.4283,408.906,410.658,0.00000,1,181.882,4.26735,4.28564,0.00000,1,282.820,281.756,99842.6,1.23253,1007.59,0.234621E-01,0.169439E-01,0.327752E-02,426.177,1114.57,0.265917E-02,38.2369,688.395,268.290,-1.23433,-0.892945,-0.118685,1.52807,-0.263322E-13,0.124306E-13,1.52807,3.84647,58.5216,215.883,-4.45463,-9999,0.305712,0.659591,-67.2623,-1.23888,3.16422,-0.973796E-01,0,517.668,-78.5581,177.699,442.495,674.832,946.462,1417.97,-0.115192,1.00000,37.6538,1.00000,10.7756,1.00000,-2.28775,1.00000,0.241146,1.00000,800000099,800000099,800000099,800000099,800000099,800010099,899999999,899999999,89999,89999,89,89,18,17,0,63,100,9,0.946324,0.268823,0.104035,0.516920E-01,0.726029E-03,7.52602,0.303197E-01,-0.228775E-02,0.241146,771.247
15790_RAW_20Hz_2024-11-15-1300.csv,2024-11-15,13:00,320.5415,1,36000,36000,-0.108183,1,41.1042,1,5.80598,1,0.589058,1,0.129955,1,13.0330,4.22997,-0.415092,0.946793E-01,0.298175E-09,0.314229E-11,17.4053,408.730,410.498,0.00000,1,183.425,4.30737,4.32600,0.00000,1,282.998,281.945,99820.6,1.23142,1007.62,0.234830E-01,0.842110E-02,0.330531E-02,430.079,1128.93,0.268415E-02,38.0963,698.847,268.411,-0.703783,-0.250048,-0.722307E-02,0.746918,0.922989E-13,0.171312E-13,0.746918,4.53898,87.4709,199.560,-0.554088,-9999,0.296399,0.528107,-55.1290,-1.51155,7.07963,-0.111766,0,523.387,-79.4260,179.662,447.383,682.287,956.918,1433.64,-0.108183,1.00000,41.4435,1.00000,4.81812,1.00000,-1.50911,1.00000,0.107844,1.00000,800000099,800000099,800000099,800000099,800000099,800000099,899999999,899999999,89999,89999,89,89,0,8,2,26,75,58,0.785946,0.175124,0.951436E-01,0.754236E-01,0.648855E-03,1.90747,0.334007E-01,-0.150911E-02,0.107844,770.305
15790_RAW_20Hz_2024-11-15-1330.csv,2024-11-15,13:30,320.5624,1,36000,36000,-0.193374,1,58.4474,0,20.6686,1,-1.73735,2,0.462693,1,10.5367,1.23392,2.92983,0.276228E-01,-0.162379E-08,-0.171067E-10,17.4441,409.970,411.748,0.00000,1,183.775,4.31905,4.33779,0.00000,1,283.085,282.098,99794.8,1.23043,1007.63,0.235019E-01,0.299825E-01,0.331163E-02,431.135,1140.66,0.269145E-02,37.7970,709.525,268.443,-0.808977E-01,0.262516,0.231142,0.359006,-0.706220E-13,-0.930852E-13,0.359006,3.23104,167.294,107.127,40.0786,-9999,0.396435,0.422084,-92.7485,-0.898452,2.82783,-0.118916,0,441.311,-66.9707,151.488,377.226,575.294,806.858,1208.82,-0.193374,1.00000,59.6565,1.00000,19.2075,1.00000,-4.84222,1.00000,0.429983,1.00000,800000099,800000099,800000099,800000099,800001099,800001099,899999999,899999999,89999,89999,89,89,5,13,1,3,84,46,0.329137,0.254318,0.260713,0.444524E-01,0.455220E-02,4.16396,0.481174E-01,-0.484222E-02,0.429983,772.058
15790_RAW_20Hz_2024-11-15-1400.csv,2024-11-15,14:00,320.5832,1,36000,36000,-0.211029,1,41.9847,1,2.64155,1,3.42125,2,0.591171E-01,1,-21.1235,1.43543,-1.60690,0.321244E-01,-0.470691E-09,-0.498260E-11,17.4294,409.290,411.071,0.00000,1,184.503,4.33263,4.35149,0.00000,1,282.891,281.792,99767.6,1.23142,1007.63,0.234827E-01,0.383079E-02,0.332474E-02,432.372,1117.26,0.269992E-02,38.6992,684.891,268.481,-1.30838,-0.672182,-0.100481E-01,1.47098,-0.346313E-13,-0.270055E-13,1.47098,3.91882,72.4250,207.192,-0.391386,-9999,0.413969,0.793836,-146.988,-0.566916,15.8940,-0.817365E-01,0,705.724,-107.096,242.252,603.242,919.982,1290.29,1933.09,-0.211029,1.00000,42.1389,1.00000,1.64017,1.00000,1.30420,1.00000,0.367066E-01,1.00000,800000099,800000099,800000099,800000099,800000099,800001099,899999999,899999999,89999,89999,89,89,2,47,2,38,94,23,1.24699,0.252777,0.879085E-01,0.614628E-01,0.151802E-02,3.37513,0.339606E-01,0.130420E-02,0.367066E-01,771.324
15790_RAW_20Hz_2024-11-15-1430.csv,2024-11-15,14:30,320.6040,1,36000,36000,-0.718606E-01,0,26.9445,0,6.68257,1,0.338130,1,0.149533,1,-10.1117,-6.21540,-2.27845,-0.139079,-0.448345E-09,-0.469272E-11,17.3954,408.328,410.080,0.00000,1,182.074,4.27387,4.29221,0.00000,1,282.775,281.645,99755.8,1.23194,1007.59,0.234733E-01,0.968973E-02,0.328097E-02,426.457,1106.22,0.266324E-02,38.5509,679.761,268.299,-1.53642,-0.438859,-0.119034,1.60230,0.596081E-13,-0.257737E-13,1.60230,5.29336,82.7713,195.941,-4.26041,-9999,0.241518,0.871431,-45.4788,-1.83228,4.03205,-0.898759E-01,0,363.329,-55.1366,124.719,310.568,473.636,664.281,995.214,-0.718606E-01,1.00000,27.3347,1.00000,6.02689,1.00000,-1.06362,1.00000,0.134861,1.00000,800000099,800000099,800000099,800000099,800001099,800011099,899999999,899999999,89999,89999,89,89,0,7,0,16,110,46,1.12094,0.464586,0.157338,0.273689E-01,0.112332E-02,2.76666,0.220211E-01,-0.106362E-02,0.134861,769.772
15790_RAW_20Hz_2024-11-15-1500.csv,2024-11-15,15:00,320.6249,1,36000,36000,-0.428545E-01,1,17.4705,1,1.65827,1,-0.510973,1,0.371064E-01,1,0.219761,-0.949090,0.939126,-0.212374E-01,0.288775E-09,0.301327E-11,17.4118,408.724,410.475,0.00000,1,181.686,4.26489,4.28316,0.00000,1,282.777,281.648,99753.8,1.23191,1007.59,0.234740E-01,0.240450E-02,0.327398E-02,425.553,1106.46,0.265764E-02,38.4609,680.904,268.271,-1.03041,-0.397526,-0.806770E-01,1.10738,-0.234117E-13,0.165851E-13,1.10738,3.56696,79.4192,201.096,-4.17793,-9999,0.186513,0.500880,-32.3030,-2.57964,10.5354,-0.754632E-01,0,-9999,-9999,-9999,-9999,-9999,-9999,-9999,-0.428545E-01,1.00000,17.5673,1.00000,1.24544,1.00000,-1.39626,1.00000,0.278687E-01,1.00000,800000099,800000099,800000099,800000099,800000099,800010099,899999999,899999999,89999,89999,89,89,27,50,6,67,117,52,0.723601,0.220329,0.578297E-01,0.419859E-01,0.786845E-03,1.12155,0.141528E-01,-0.139626E-02,0.278687E-01,770.498
15790_RAW_20Hz_2024-11-15-1530.csv,2024-11-15,15:30,320.6457,1,36000,36000,-0.149268E-01,1,23.5944,1,0.722917,2,0.849750E-02,1,0.161773E-01,2,3.83666,1.72950,2.07887,0.387023E-01,-0.164520E-09,-0.171960E-11,17.4437,409.603,411.364,0.00000,1,182.325,4.28125,4.29966,0.00000,1,282.835,281.704,99742.1,1.23151,1007.60,0.234814E-01,0.104829E-02,0.328550E-02,427.136,1110.64,0.266785E-02,38.4585,683.504,268.320,-0.783244,-0.422999,-0.611612E-01,0.892267,0.391276E-13,-0.943148E-14,0.892267,2.78904,68.3665,208.372,-3.93047,-9999,0.110094,0.232678,-4.91892,-16.9407,32.6378,-0.172710,0,-9999,-9999,-9999,-9999,-9999,-9999,-9999,-0.149268E-01,1.00000,23.6365,1.00000,0.169879,1.00000,-1.17554,1.00000,0.380152E-02,1.00000,800000099,800000099,800000099,800000099,800000099,800010099,899999999,899999999,89999,89999,89,89,0,13,1,43,98,37,0.329085,0.847416E-01,0.515302E-01,0.553327E-01,0.839178E-03,1.19998,0.190483E-01,-0.117554E-02,0.380152E-02,771.935
15790_RAW_20Hz_2024-11-15-1600.csv,2024-11-15,16:00,320.6665,1,36000,36000,-0.109151,1,19.4746,1,2.36141,1,0.327795,1,0.528350E-01,1,-11.1207,-2.47076,1.71256,-0.552816E-01,-0.766556E-09,-0.795444E-11,17.4818,410.327,412.081,0.00000,1,181.406,4.25790,4.27610,0.00000,1,282.706,281.543,99726.5,1.23204,1007.58,0.234717E-01,0.342371E-02,0.326893E-02,424.739,1098.56,0.265327E-02,38.6632,673.823,268.245,-0.975764,-0.581939,-0.627192E-01,1.13785,-0.370554E-13,-0.438488E-13,1.13785,3.45940,62.6552,210.812,-3.15979,-9999,0.297647,0.469700,-117.754,-0.707663,8.24701,-0.527061E-01,0,633.813,-96.1836,217.568,541.774,826.240,1158.81,1736.11,-0.109151,1.00000,19.6124,1.00000,1.89958,1.00000,-0.667991,1.00000,0.425019E-01,1.00000,800000099,800000099,800000099,800000099,800000099,800010099,899999999,899999999,89999,89999,89,89,3,35,4,61,78,30,0.730798,0.149149,0.594543E-01,0.327182E-01,0.160847E-02,2.18066,0.157988E-01,-0.667991E-03,0.425019E-01,773.565
15790_RAW_20Hz_2024-11-15-1630.csv,2024-11-15,16:30,320.6873,1,36000,36000,0.150789E-01,1,4.22943,1,-0.140933,1,0.427974,1,-0.315288E-02,1,-9.47204,-2.50737,-0.337536,-0.560936E-01,0.100002E-09,0.103229E-11,17.4805,410.184,411.928,0.00000,1,180.446,4.23420,4.25221,0.00000,1,282.573,281.405,99705.4,1.23239,1007.57,0.234652E-01,-0.204307E-03,0.325164E-02,422.286,1088.37,0.263849E-02,38.7999,666.084,268.169,-1.34683,-1.03985,-0.124239,1.70607,-0.208604E-13,0.572078E-14,1.70607,3.66961,55.4948,217.671,-4.17605,-9999,0.110614,0.249305,-27.8241,-2.99488,-30.0101,-0.307927E-01,0,-9999,-9999,-9999,-9999,-9999,-9999,-9999,0.150789E-01,1.00000,4.22118,1.00000,-0.237966,1.00000,0.217683,1.00000,-0.532364E-02,1.00000,800000099,800000099,800000099,800000099,800010099,800110099,899999999,899999999,89999,89999,89,89,8,48,16,123,30,87,0.370355,0.984800E-01,0.297760E-01,0.158255E-01,0.193671E-02,0.532121,0.339947E-02,0.217683E-03,-0.532364E-02,773.452
15790_RAW_20Hz_2024-11-15-1700.csv,2024-11-15,17:00,320.7082,1,36000,36000,-0.699978E-01,1,4.27109,0,1.45830,2,0.369407,2,0.326237E-01,2,-1.47629,3.20152,5.61185,0.716210E-01,0.798256E-09,0.825135E-11,17.5803,412.555,414.321,0.00000,1,181.723,4.26446,4.28272,0.00000,1,282.559,281.384,99690.7,1.23229,1007.58,0.234668E-01,0.211401E-02,0.327464E-02,425.241,1086.79,0.265737E-02,39.1282,661.548,268.261,-1.49253,-0.615007,-0.542929E-01,1.61517,-0.166313E-12,0.454062E-13,1.61517,5.36415,75.3655,202.395,-1.92633,-9999,0.238334,0.855234,-275.578,-0.302382,2.92881,-0.144331E-01,0,482.625,-73.2403,165.670,412.541,629.151,882.393,1321.99,-0.699978E-01,1.00000,4.35617,1.00000,1.35278,1.00000,0.141028,1.00000,0.302630E-01,1.00000,800000099,800000099,800000099,800001099,800010099,800110099,899999999,899999999,89999,89999,89,89,32,30,9,42,27,32,1.23442,0.400707,0.753408E-01,0.143755E-01,0.633758E-02,2.49627,0.350842E-02,0.141028E-03,0.302630E-01,777.858
15790_RAW_20Hz_2024-11-15-1730.csv,2024-11-15,17:30,320.7290,0,36000,36000,-0.425580E-01,0,9.24206,0,-1.16077,2,-2.42880,2,-0.259643E-01,2,-8.85670,-2.09745,-3.78192,-0.469162E-01,0.700178E-10,0.723191E-12,17.5184,410.958,412.709,0.00000,1,180.942,4.24465,4.26274,0.00000,1,282.439,281.256,99680.0,1.23273,1007.57,0.234586E-01,-0.168249E-02,0.326057E-02,423.220,1077.35,0.264500E-02,39.2835,654.128,268.198,-2.17533,0.374637,-0.949039E-01,2.20939,0.275063E-12,0.399682E-14,2.20939,5.41119,98.4102,170.228,-2.46189,-9999,0.185805,1.39641,-60.3381,-1.38105,-7.96202,-0.400469E-01,0,-9999,-9999,-9999,-9999,-9999,-9999,-9999,-0.425580E-01,1.00000,9.17430,1.00000,-1.36985,1.00000,-2.88159,1.00000,-0.306411E-01,1.00000,800000099,800000099,800000099,800000099,800010099,800111099,899999999,899999999,89999,89999,89,89,2,36,4,67,8,23,0.950854,1.74165,0.100323,0.151063E-01,0.133811E-01,3.73874,0.738636E-02,-0.288159E-02,-0.306411E-01,775.067
not_enough_data,2024-11-15,18:00,320.749,-9999,-9999,-9999,-9999,-9999,-9999,-9999,-9999,-9999,-9999,-9999,-9999,-9999,-9999,-9999,-9999,-9999,-9999,-9999,-9999,-9999,-9999,-9999,-9999,-9999,-9999,-9999,-9999,-9999,-9999,-9999,-9999,-9999,-9999,-9999,-9999,-9999,-9999,-9999,-9999,-9999,-9999,-9999,-9999,-9999,-9999,-9999,-9999,-9999,-9999,-9999,-9999,-9999,-9999,-9999,-9999,-9999,-9999,-9999,-9999,-9999,-9999,-9999,-9999,-9999,-9999,-9999,-9999,-9999,-9999,-9999,-9999,-9999,-9999,-9999,-9999,-9999,-9999,-9999,-9999,-9999,-9999,-9999,-9999,-9999,-9999,-9999,-9999,-9999,-9999,-9999,-9999,-9999,-9999,-9999,-9999,-9999,-9999,-9999,-9999,-9999,-9999,-9999,-9999,-9999,-9999,-9999
15790_RAW_20Hz_2024-11-15-1830.csv,2024-11-15,18:30,320.7707,0,36000,36000,-0.742896E-01,1,7.46724,1,3.56589,1,0.786435,2,0.797579E-01,1,-9999,-9999,-9999,-9999,-0.188506E-09,-0.194941E-11,17.4552,409.337,411.077,0.00000,1,180.510,4.23310,4.25110,0.00000,1,282.400,281.192,99691.2,1.23315,1007.56,0.234507E-01,0.516831E-02,0.325280E-02,422.116,1072.71,0.263780E-02,39.3504,650.595,268.164,-1.20541,0.798967,-0.198772E-01,1.44629,0.199347E-13,-0.107994E-13,1.44629,4.25073,122.466,146.463,-0.787475,-9999,0.245446,0.596215,-172.159,-0.484028,2.09407,-0.244859E-01,0,509.772,-77.3599,174.988,435.745,664.539,932.026,1396.34,-0.742896E-01,1.00000,7.67516,1.00000,3.37830,1.00000,0.380708,1.00000,0.755621E-01,1.00000,800000099,800000099,800000099,800000099,800010099,800011099,899999999,899999999,89999,89999,89,89,3,15,1,92,6,18,0.826757,0.295986,0.696875E-01,0.109534E-01,0.750842E-02,2.94553,0.617731E-02,0.380708E-03,0.755621E-01,772.256
15790_RAW_20Hz_2024-11-15-1900.csv,2024-11-15,19:00,320.7915,0,36000,36000,-0.159573,1,24.1261,1,4.83206,1,3.58015,1,0.108087,1,5.63971,4.25484,8.06432,0.951750E-01,0.117921E-09,0.122088E-11,17.5958,412.742,414.513,0.00000,1,182.177,4.27329,4.29163,0.00000,1,282.474,281.274,99694.4,1.23281,1007.59,0.234568E-01,0.700401E-02,0.328283E-02,426.137,1078.69,0.266288E-02,39.5050,652.553,268.289,-0.847255,0.180912,0.816572E-01,0.870194,0.278875E-13,0.670163E-14,0.870194,4.38248,105.183,167.947,5.38444,-9999,0.359775,0.554725,-167.820,-0.496544,4.99292,-0.539854E-01,0,564.116,-85.6067,193.643,482.197,735.382,1031.38,1545.20,-0.159573,1.00000,24.4078,1.00000,4.24902,1.00000,2.32050,1.00000,0.950448E-01,1.00000,800000099,800000099,800000099,800000099,800000099,800000099,899999999,899999999,89999,89999,89,89,17,2,2,9,19,57,0.593798,0.399421,0.116232,0.296411E-01,0.123166E-01,2.18226,0.196494E-01,0.232050E-02,0.950448E-01,778.507
15790_RAW_20Hz_2024-11-15-1930.csv,2024-11-15,19:30,320.8123,0,36000,36000,-0.121482,0,7.33627,0,4.14804,0,7.60513,0,0.927696E-01,0,-12.7349,-12.5811,-5.88870,-0.281371,0.161768E-09,0.163818E-11,17.4995,410.257,411.969,0.00000,1,177.212,4.15455,4.17188,0.00000,1,282.269,281.089,99683.6,1.23354,1007.52,0.234440E-01,0.601147E-02,0.319336E-02,414.252,1065.24,0.258877E-02,38.8882,650.985,267.916,-1.36582,1.41630,0.619959E-01,1.96855,0.120870E-13,0.924419E-14,1.96855,4.74373,136.970,133.960,1.80472,-9999,0.313819,0.709956,-366.229,-0.227535,1.76861,-0.188100E-01,0,506.782,-76.9061,173.962,433.190,660.641,926.559,1388.15,-0.121482,1.00000,7.57801,1.00000,3.96440,1.00000,7.19957,1.00000,0.886627E-01,1.00000,800000099,800000099,800000099,800000099,800001099,800011099,899999999,899999999,89999,89999,89,89,9,24,2,75,23,34,0.944166,0.360138,0.115608,0.847566E-02,0.156348E-01,7.19020,0.609745E-02,0.719957E-02,0.886627E-01,774.160
15790_RAW_20Hz_2024-11-15-2000.csv,2024-11-15,20:00,320.8331,0,36000,36000,-0.126730,1,7.96259,1,2.05055,1,1.86958,1,0.458581E-01,1,-3.00586,0.549786,2.23778,0.122953E-01,0.110534E-09,0.111817E-11,17.5399,411.201,412.919,0.00000,1,177.435,4.15974,4.17711,0.00000,1,282.249,281.046,99669.2,1.23355,1007.52,0.234437E-01,0.297160E-02,0.319738E-02,414.709,1062.08,0.259201E-02,39.0468,647.374,267.930,-1.13114,1.00465,0.333527E-01,1.51324,0.342362E-12,0.630186E-14,1.51324,4.51063,126.585,138.389,1.26293,-9999,0.320524,1.01966,-359.480,-0.231807,3.88314,-0.199886E-01,0,592.183,-89.8660,203.277,506.189,771.970,1082.70,1622.08,-0.126730,1.00000,8.08205,1.00000,1.86116,1.00000,1.45087,1.00000,0.416224E-01,1.00000,800000099,800000099,800000099,800000099,800000099,800011099,899999999,899999999,89999,89999,89,89,31,4,7,42,27,26,1.40335,0.554264,0.817080E-01,0.120029E-01,0.140163E-01,5.11174,0.650294E-02,0.145087E-02,0.416224E-01,775.941
15790_RAW_20Hz_2024-11-15-2030.csv,2024-11-15,20:30,320.8540,0,36000,36000,-0.100281,1,10.3693,1,1.87042,1,1.64605,1,0.418265E-01,1,-5.23857,-6.16617,-0.351288,-0.137889,0.144691E-09,0.144375E-11,17.5375,411.053,412.746,0.00000,1,174.993,4.10156,4.11846,0.00000,1,282.168,280.970,99664.5,1.23386,1007.49,0.234385E-01,0.271036E-02,0.315337E-02,408.890,1056.61,0.255571E-02,38.6984,647.717,267.744,-0.999455,0.578633,0.360667E-01,1.15543,-0.871004E-13,0.825036E-14,1.15543,4.39799,121.406,149.931,1.78877,-9999,0.285086,0.653789,-194.226,-0.429037,5.54386,-0.292597E-01,0,527.087,-79.9875,180.932,450.546,687.111,963.683,1443.77,-0.100281,1.00000,10.4782,1.00000,1.63042,1.00000,1.10819,1.00000,0.364597E-01,1.00000,800000099,800000099,800000099,800000099,800000099,800011099,899999999,899999999,89999,89999,89,89,13,6,3,39,16,30,0.950409,0.270686,0.864828E-01,0.121127E-01,0.125718E-01,4.97018,0.842916E-02,0.110819E-02,0.364597E-01,775.800
15790_RAW_20Hz_2024-11-15-2100.csv,2024-11-15,21:00,320.8748,0,36000,36000,-0.165014,1,8.00352,1,4.17574,1,9.24274,1,0.933720E-01,1,-5.05991,-4.08511,-0.493731,-0.913453E-01,0.510395E-09,0.504753E-11,17.5334,410.845,412.521,0.00000,1,173.396,4.06304,4.07961,0.00000,1,282.091,280.897,99665.7,1.23421,1007.47,0.234321E-01,0.605051E-02,0.312460E-02,405.054,1051.34,0.253166E-02,38.5273,646.289,267.620,-0.873371,0.627428,0.110824,1.08108,0.169791E-12,0.291098E-13,1.08108,3.92951,121.306,144.307,5.88389,-9999,0.365650,0.693351,-530.940,-0.156948,1.91667,-0.176034E-01,0,560.675,-85.0847,192.462,479.257,730.897,1025.09,1535.78,-0.165014,1.00000,8.24667,1.00000,3.98108,1.00000,8.80260,1.00000,0.890192E-01,1.00000,800000099,800000099,800000099,800000099,800001099,800001099,899999999,899999999,89999,89999,89,89,5,7,4,30,44,45,0.848372,0.416421,0.121909,0.661508E-02,0.273084E-01,1.61266,0.663223E-02,0.880260E-02,0.890192E-01,775.579
15790_RAW_20Hz_2024-11-15-2130.csv,2024-11-15,21:30,320.8956,0,36000,36000,-0.121236,1,2.26081,1,1.70990,1,5.27891,1,0.382312E-01,1,-5.94736,-2.44076,-0.263467,-0.545724E-01,0.235427E-09,0.231568E-11,17.5331,410.734,412.400,0.00000,1,172.458,4.04003,4.05641,0.00000,1,281.996,280.811,99660.3,1.23453,1007.45,0.234262E-01,0.247738E-02,0.310769E-02,402.738,1045.19,0.251730E-02,38.5326,642.450,267.545,-0.922270,1.15432,0.120756,1.48244,0.851738E-13,0.134276E-13,1.48244,3.93984,144.350,128.624,4.67237,-9999,0.313375,0.576037,-1183.15,-0.704305E-01,1.32219,-0.580059E-02,0,567.259,-86.0837,194.721,484.884,739.479,1037.13,1553.81,-0.121236,1.00000,2.36034,1.00000,1.65306,1.00000,5.14971,1.00000,0.369604E-01,1.00000,800000099,800000099,800000099,800000099,800011099,800011099,899999999,899999999,89999,89999,89,89,0,4,2,57,53,48,0.605072,0.460034,0.869681E-01,0.583199E-02,0.198314E-01,1.93583,0.189779E-02,0.514971E-02,0.369604E-01,775.524
15790_RAW_20Hz_2024-11-15-2200.csv,2024-11-15,22:00,320.9165,0,36000,36000,-0.235462,1,4.24277,1,6.72365,1,6.80245,1,0.150316,1,-7.60369,-4.94887,-3.99755,-0.110639,0.116022E-08,0.113268E-10,17.4658,409.049,410.689,0.00000,1,170.512,3.99338,4.00940,0.00000,1,281.901,280.701,99647.7,1.23488,1007.42,0.234200E-01,0.974051E-02,0.307263E-02,398.038,1037.37,0.248820E-02,38.3701,639.327,267.391,-1.03056,1.87026,0.748161E-01,2.13670,-0.296691E-13,0.664280E-13,2.13670,5.02744,156.071,118.856,2.00661,-9999,0.436664,0.856982,-1705.53,-0.488586E-01,0.631022,-0.781024E-02,0,607.589,-92.2039,208.565,519.358,792.053,1110.87,1664.28,-0.235462,1.00000,4.63400,1.00000,6.60413,1.00000,6.52875,1.00000,0.147644,1.00000,800000099,800000099,800000099,800000099,800001099,800011099,899999999,899999999,89999,89999,89,89,24,15,0,54,138,46,1.15212,0.419631,0.142218,0.258089E-02,0.739439E-02,1.61152,0.372493E-02,0.652875E-02,0.147644,772.513
15790_RAW_20Hz_2024-11-15-2230.csv,2024-11-15,22:30,320.9373,0,36000,36000,-0.315430E-01,1,4.05195,0,1.57675,0,1.56893,0,0.352504E-01,0,-0.330515,3.90703,4.47408,0.873466E-01,0.118657E-09,0.116372E-11,17.5433,410.935,412.598,0.00000,1,172.054,4.03021,4.04652,0.00000,1,281.899,280.696,99628.4,1.23465,1007.44,0.234241E-01,0.228422E-02,0.310041E-02,401.631,1037.03,0.251118E-02,38.7291,635.395,267.509,-1.55481,0.784766,-0.438012E-01,1.74218,0.101060E-12,0.676366E-14,1.74218,5.15601,117.375,153.218,-1.44066,-9999,0.159838,0.779434,-87.5763,-0.951513,2.56980,-0.203807E-01,0,-9999,-9999,-9999,-9999,-9999,-9999,-9999,-0.315430E-01,1.00000,4.14367,1.00000,1.48108,1.00000,1.35085,1.00000,0.331115E-01,1.00000,800000099,800000099,800000099,800000099,800001099,810001099,899999999,899999999,89999,89999,89,89,1,3,2,32,37,33,1.29709,0.184221,0.775571E-01,0.116137E-01,0.478576E-02,1.96903,0.333137E-02,0.135085E-02,0.331115E-01,775.937
15790_RAW_20Hz_2024-11-15-2300.csv,2024-11-15,23:00,320.9581,0,36000,36000,-0.939450E-01,1,10.8738,1,7.74221,1,8.53895,1,0.173072,1,-6.35132,-1.72137,1.04892,-0.384801E-01,0.265709E-09,0.259264E-11,17.5641,411.377,413.035,0.00000,1,171.380,4.01399,4.03017,0.00000,1,281.803,280.604,99606.8,1.23479,1007.43,0.234215E-01,0.112151E-01,0.308828E-02,399.928,1030.53,0.250105E-02,38.8078,630.606,267.453,-1.00433,0.807800,-0.768460E-01,1.29117,-0.153274E-13,0.151280E-13,1.29117,3.28922,131.353,141.190,-3.41206,-9999,0.275829,0.411731,-167.679,-0.496961,1.40448,-0.316907E-01,0,528.576,-80.2134,181.443,451.818,689.052,966.405,1447.85,-0.939450E-01,1.00000,11.3241,1.00000,7.47231,1.00000,7.92059,1.00000,0.167038,1.00000,800000099,800000099,800000099,800000099,800001099,800011099,899999999,899999999,89999,89999,89,89,1,9,2,35,32,29,0.574076,0.168998,0.803889E-01,0.737324E-02,0.137347E-01,1.77737,0.910319E-02,0.792059E-02,0.167038,776.814
15790_RAW_20Hz_2024-11-15-2330.csv,2024-11-15,23:30,320.9790,0,36000,36000,-0.202087E-01,1,9.55765,1,2.18955,1,1.95669,1,0.489431E-01,1,-4.00209,-0.799005,-0.512226,-0.178602E-01,0.253895E-09,0.247402E-11,17.5543,411.161,412.815,0.00000,1,171.053,4.00646,4.02258,0.00000,1,281.766,280.546,99582.9,1.23475,1007.43,0.234223E-01,0.317151E-02,0.308238E-02,399.082,1026.46,0.249636E-02,38.8794,627.380,267.425,-1.28831,0.823057,-0.151590E-01,1.52886,-0.396107E-14,0.144635E-13,1.52886,4.47005,120.722,147.427,-0.568113,-9999,0.127932,0.652919,-19.0305,-4.37876,4.36513,-0.600590E-01,0,-9999,-9999,-9999,-9999,-9999,-9999,-9999,-0.202087E-01,1.00000,9.68493,1.00000,1.97119,1.00000,1.45580,1.00000,0.440623E-01,1.00000,800000099,800000099,800000099,800000099,800010099,800011099,899999999,899999999,89999,89999,89,89,2,9,8,60,54,67,1.01849,0.222492,0.648593E-01,0.197054E-01,0.183776E-02,1.24305,0.778579E-02,0.145580E-02,0.440623E-01,776.365
15790_RAW_20Hz_2024-11-16-0000.csv,2024-11-16,00:00,321.0000,0,36000,36000,-0.555397E-01,0,15.5691,1,6.20920,1,4.88284,1,0.138772,1,-12.0140,-2.81838,0.903848,-0.629889E-01,-0.164906E-08,-0.159476E-10,17.5762,411.542,413.187,0.00000,1,169.974,3.97991,3.99582,0.00000,1,281.562,280.372,99553.2,1.23516,1007.41,0.234148E-01,0.899242E-02,0.306294E-02,396.319,1014.32,0.247979E-02,39.0722,618.005,267.334,-1.58269,1.17572,-0.666895E-01,1.97274,0.713461E-14,-0.938237E-13,1.97274,4.56424,129.588,143.393,-1.93729,-9999,0.212051,0.711843,-53.1894,-1.56667,2.50742,-0.590057E-01,0,364.240,-55.2748,125.032,311.347,474.823,665.946,997.709,-0.555397E-01,1.00000,15.9298,1.00000,5.84508,1.00000,4.04134,1.00000,0.130634,1.00000,800000099,800000099,800000099,800000099,800001099,800011099,899999999,899999999,89999,89999,89,89,2,23,1,53,44,44,1.02562,0.277539,0.120530,0.966950E-02,0.134939E-01,1.49802,0.128021E-01,0.404134E-02,0.130634,777.245
